customer_id,date,old_risk,new_risk
CUST_00001,2024-01-01,1,1
CUST_00002,2024-01-01,3,3
CUST_00003,2024-01-01,9,9
CUST_00004,2024-01-01,7,7
CUST_00005,2024-01-01,8,8
CUST_00006,2024-01-01,3,3
CUST_00007,2024-01-01,1,1
CUST_00008,2024-01-01,1,1
CUST_00009,2024-01-01,3,3
CUST_00010,2024-01-01,5,5
CUST_00011,2024-01-01,9,9
CUST_00012,2024-01-01,6,6
CUST_00013,2024-01-01,7,7
CUST_00014,2024-01-01,6,6
CUST_00015,2024-01-01,6,6
CUST_00016,2024-01-01,5,5
CUST_00016,2024-06-29,5,5
CUST_00017,2024-01-01,5,5
CUST_00018,2024-01-01,10,10
CUST_00019,2024-01-01,2,2
CUST_00020,2024-01-01,8,8
CUST_00020,2024-06-29,8,7
CUST_00021,2024-01-01,3,3
CUST_00022,2024-01-01,8,8
CUST_00023,2024-01-01,5,5
CUST_00023,2024-06-29,5,2
CUST_00024,2024-01-01,1,1
CUST_00025,2024-01-01,4,4
CUST_00026,2024-01-01,1,1
CUST_00027,2024-01-01,5,5
CUST_00028,2024-01-01,3,3
CUST_00029,2024-01-01,6,6
CUST_00030,2024-01-01,7,7
CUST_00031,2024-01-01,2,2
CUST_00032,2024-01-01,9,9
CUST_00032,2024-06-29,9,2
CUST_00033,2024-01-01,9,9
CUST_00034,2024-01-01,10,10
CUST_00035,2024-01-01,3,3
CUST_00036,2024-01-01,10,10
CUST_00037,2024-01-01,5,5
CUST_00037,2024-06-29,5,3
CUST_00038,2024-01-01,3,3
CUST_00039,2024-01-01,10,10
CUST_00039,2024-06-29,10,1
CUST_00040,2024-01-01,7,7
CUST_00041,2024-01-01,8,8
CUST_00042,2024-01-01,10,10
CUST_00043,2024-01-01,3,3
CUST_00044,2024-01-01,6,6
CUST_00045,2024-01-01,1,1
CUST_00046,2024-01-01,2,2
CUST_00046,2024-06-29,2,5
CUST_00047,2024-01-01,8,8
CUST_00047,2024-06-29,8,2
CUST_00048,2024-01-01,1,1
CUST_00048,2024-06-29,1,9
CUST_00049,2024-01-01,3,3
CUST_00049,2024-06-29,3,8
CUST_00050,2024-01-01,7,7
CUST_00051,2024-01-01,2,2
CUST_00051,2024-06-29,2,2
CUST_00052,2024-01-01,3,3
CUST_00053,2024-01-01,3,3
CUST_00054,2024-01-01,1,1
CUST_00055,2024-01-01,6,6
CUST_00056,2024-01-01,7,7
CUST_00057,2024-01-01,6,6
CUST_00058,2024-01-01,6,6
CUST_00059,2024-01-01,8,8
CUST_00060,2024-01-01,3,3
CUST_00061,2024-01-01,4,4
CUST_00062,2024-01-01,1,1
CUST_00062,2024-06-29,1,8
CUST_00063,2024-01-01,10,10
CUST_00064,2024-01-01,4,4
CUST_00064,2024-06-29,4,5
CUST_00065,2024-01-01,6,6
CUST_00066,2024-01-01,7,7
CUST_00067,2024-01-01,3,3
CUST_00068,2024-01-01,9,9
CUST_00069,2024-01-01,5,5
CUST_00070,2024-01-01,9,9
CUST_00071,2024-01-01,3,3
CUST_00072,2024-01-01,3,3
CUST_00073,2024-01-01,8,8
CUST_00074,2024-01-01,3,3
CUST_00074,2024-06-29,3,4
CUST_00075,2024-01-01,1,1
CUST_00076,2024-01-01,8,8
CUST_00076,2024-06-29,8,8
CUST_00077,2024-01-01,6,6
CUST_00078,2024-01-01,2,2
CUST_00079,2024-01-01,1,1
CUST_00080,2024-01-01,6,6
CUST_00080,2024-06-29,6,8
CUST_00081,2024-01-01,5,5
CUST_00082,2024-01-01,8,8
CUST_00083,2024-01-01,9,9
CUST_00083,2024-06-29,9,7
CUST_00084,2024-01-01,4,4
CUST_00084,2024-06-29,4,9
CUST_00085,2024-01-01,1,1
CUST_00086,2024-01-01,6,6
CUST_00087,2024-01-01,4,4
CUST_00088,2024-01-01,3,3
CUST_00089,2024-01-01,5,5
CUST_00090,2024-01-01,3,3
CUST_00091,2024-01-01,8,8
CUST_00092,2024-01-01,2,2
CUST_00093,2024-01-01,5,5
CUST_00094,2024-01-01,8,8
CUST_00094,2024-06-29,8,1
CUST_00095,2024-01-01,3,3
CUST_00096,2024-01-01,7,7
CUST_00096,2024-06-29,7,2
CUST_00097,2024-01-01,5,5
CUST_00097,2024-06-29,5,7
CUST_00098,2024-01-01,5,5
CUST_00099,2024-01-01,1,1
CUST_00100,2024-01-01,6,6
CUST_00101,2024-01-01,6,6
CUST_00101,2024-06-29,6,8
CUST_00102,2024-01-01,2,2
CUST_00103,2024-01-01,4,4
CUST_00103,2024-06-29,4,4
CUST_00104,2024-01-01,6,6
CUST_00105,2024-01-01,6,6
CUST_00106,2024-01-01,2,2
CUST_00107,2024-01-01,3,3
CUST_00108,2024-01-01,7,7
CUST_00109,2024-01-01,7,7
CUST_00110,2024-01-01,3,3
CUST_00111,2024-01-01,5,5
CUST_00112,2024-01-01,8,8
CUST_00113,2024-01-01,6,6
CUST_00114,2024-01-01,4,4
CUST_00115,2024-01-01,4,4
CUST_00116,2024-01-01,4,4
CUST_00117,2024-01-01,3,3
CUST_00118,2024-01-01,7,7
CUST_00119,2024-01-01,7,7
CUST_00120,2024-01-01,4,4
CUST_00121,2024-01-01,10,10
CUST_00121,2024-06-29,10,10
CUST_00122,2024-01-01,4,4
CUST_00123,2024-01-01,1,1
CUST_00124,2024-01-01,10,10
CUST_00124,2024-06-29,10,6
CUST_00125,2024-01-01,6,6
CUST_00126,2024-01-01,4,4
CUST_00127,2024-01-01,9,9
CUST_00128,2024-01-01,2,2
CUST_00129,2024-01-01,1,1
CUST_00129,2024-06-29,1,6
CUST_00130,2024-01-01,9,9
CUST_00131,2024-01-01,8,8
CUST_00132,2024-01-01,4,4
CUST_00132,2024-06-29,4,7
CUST_00133,2024-01-01,1,1
CUST_00134,2024-01-01,6,6
CUST_00134,2024-06-29,6,2
CUST_00135,2024-01-01,6,6
CUST_00135,2024-06-29,6,9
CUST_00136,2024-01-01,5,5
CUST_00137,2024-01-01,1,1
CUST_00137,2024-06-29,1,8
CUST_00138,2024-01-01,10,10
CUST_00138,2024-06-29,10,2
CUST_00139,2024-01-01,2,2
CUST_00140,2024-01-01,6,6
CUST_00141,2024-01-01,7,7
CUST_00142,2024-01-01,3,3
CUST_00143,2024-01-01,10,10
CUST_00144,2024-01-01,7,7
CUST_00145,2024-01-01,1,1
CUST_00146,2024-01-01,1,1
CUST_00147,2024-01-01,8,8
CUST_00147,2024-06-29,8,2
CUST_00148,2024-01-01,9,9
CUST_00148,2024-06-29,9,5
CUST_00149,2024-01-01,7,7
CUST_00150,2024-01-01,9,9
CUST_00151,2024-01-01,7,7
CUST_00151,2024-06-29,7,5
CUST_00152,2024-01-01,6,6
CUST_00153,2024-01-01,10,10
CUST_00154,2024-01-01,7,7
CUST_00155,2024-01-01,9,9
CUST_00156,2024-01-01,1,1
CUST_00157,2024-01-01,9,9
CUST_00158,2024-01-01,9,9
CUST_00159,2024-01-01,5,5
CUST_00160,2024-01-01,7,7
CUST_00161,2024-01-01,6,6
CUST_00162,2024-01-01,7,7
CUST_00163,2024-01-01,8,8
CUST_00163,2024-06-29,8,7
CUST_00164,2024-01-01,6,6
CUST_00165,2024-01-01,8,8
CUST_00166,2024-01-01,2,2
CUST_00167,2024-01-01,6,6
CUST_00168,2024-01-01,1,1
CUST_00169,2024-01-01,3,3
CUST_00170,2024-01-01,1,1
CUST_00171,2024-01-01,6,6
CUST_00172,2024-01-01,2,2
CUST_00173,2024-01-01,2,2
CUST_00174,2024-01-01,1,1
CUST_00175,2024-01-01,8,8
CUST_00176,2024-01-01,6,6
CUST_00177,2024-01-01,2,2
CUST_00177,2024-06-29,2,1
CUST_00178,2024-01-01,3,3
CUST_00179,2024-01-01,4,4
CUST_00180,2024-01-01,2,2
CUST_00180,2024-06-29,2,8
CUST_00181,2024-01-01,1,1
CUST_00182,2024-01-01,4,4
CUST_00183,2024-01-01,2,2
CUST_00184,2024-01-01,2,2
CUST_00185,2024-01-01,3,3
CUST_00185,2024-06-29,3,2
CUST_00186,2024-01-01,7,7
CUST_00187,2024-01-01,8,8
CUST_00187,2024-06-29,8,10
CUST_00188,2024-01-01,3,3
CUST_00189,2024-01-01,7,7
CUST_00190,2024-01-01,2,2
CUST_00191,2024-01-01,7,7
CUST_00192,2024-01-01,7,7
CUST_00193,2024-01-01,1,1
CUST_00193,2024-06-29,1,2
CUST_00194,2024-01-01,4,4
CUST_00194,2024-06-29,4,8
CUST_00195,2024-01-01,6,6
CUST_00196,2024-01-01,6,6
CUST_00197,2024-01-01,7,7
CUST_00198,2024-01-01,2,2
CUST_00199,2024-01-01,7,7
CUST_00199,2024-06-29,7,10
CUST_00200,2024-01-01,8,8
CUST_00201,2024-01-01,9,9
CUST_00202,2024-01-01,7,7
CUST_00203,2024-01-01,2,2
CUST_00204,2024-01-01,1,1
CUST_00205,2024-01-01,8,8
CUST_00206,2024-01-01,2,2
CUST_00207,2024-01-01,6,6
CUST_00208,2024-01-01,4,4
CUST_00209,2024-01-01,9,9
CUST_00209,2024-06-29,9,2
CUST_00210,2024-01-01,5,5
CUST_00211,2024-01-01,1,1
CUST_00212,2024-01-01,1,1
CUST_00213,2024-01-01,8,8
CUST_00214,2024-01-01,8,8
CUST_00214,2024-06-29,8,2
CUST_00215,2024-01-01,2,2
CUST_00216,2024-01-01,5,5
CUST_00217,2024-01-01,6,6
CUST_00218,2024-01-01,8,8
CUST_00219,2024-01-01,4,4
CUST_00220,2024-01-01,8,8
CUST_00220,2024-06-29,8,6
CUST_00221,2024-01-01,5,5
CUST_00221,2024-06-29,5,5
CUST_00222,2024-01-01,3,3
CUST_00223,2024-01-01,7,7
CUST_00224,2024-01-01,10,10
CUST_00225,2024-01-01,5,5
CUST_00226,2024-01-01,9,9
CUST_00227,2024-01-01,3,3
CUST_00227,2024-06-29,3,7
CUST_00228,2024-01-01,4,4
CUST_00229,2024-01-01,1,1
CUST_00230,2024-01-01,3,3
CUST_00231,2024-01-01,3,3
CUST_00232,2024-01-01,7,7
CUST_00233,2024-01-01,8,8
CUST_00234,2024-01-01,6,6
CUST_00235,2024-01-01,4,4
CUST_00236,2024-01-01,4,4
CUST_00236,2024-06-29,4,5
CUST_00237,2024-01-01,9,9
CUST_00238,2024-01-01,2,2
CUST_00239,2024-01-01,8,8
CUST_00240,2024-01-01,1,1
CUST_00241,2024-01-01,5,5
CUST_00241,2024-06-29,5,9
CUST_00242,2024-01-01,3,3
CUST_00243,2024-01-01,3,3
CUST_00243,2024-06-29,3,7
CUST_00244,2024-01-01,9,9
CUST_00244,2024-06-29,9,7
CUST_00245,2024-01-01,9,9
CUST_00246,2024-01-01,5,5
CUST_00247,2024-01-01,8,8
CUST_00248,2024-01-01,6,6
CUST_00249,2024-01-01,2,2
CUST_00250,2024-01-01,1,1
CUST_00251,2024-01-01,3,3
CUST_00252,2024-01-01,3,3
CUST_00253,2024-01-01,5,5
CUST_00254,2024-01-01,6,6
CUST_00254,2024-06-29,6,10
CUST_00255,2024-01-01,3,3
CUST_00255,2024-06-29,3,1
CUST_00256,2024-01-01,6,6
CUST_00257,2024-01-01,6,6
CUST_00258,2024-01-01,9,9
CUST_00259,2024-01-01,4,4
CUST_00260,2024-01-01,7,7
CUST_00261,2024-01-01,1,1
CUST_00262,2024-01-01,6,6
CUST_00263,2024-01-01,9,9
CUST_00264,2024-01-01,1,1
CUST_00265,2024-01-01,7,7
CUST_00266,2024-01-01,9,9
CUST_00267,2024-01-01,6,6
CUST_00268,2024-01-01,4,4
CUST_00269,2024-01-01,10,10
CUST_00269,2024-06-29,10,9
CUST_00270,2024-01-01,3,3
CUST_00271,2024-01-01,9,9
CUST_00272,2024-01-01,3,3
CUST_00272,2024-06-29,3,10
CUST_00273,2024-01-01,2,2
CUST_00274,2024-01-01,7,7
CUST_00274,2024-06-29,7,7
CUST_00275,2024-01-01,8,8
CUST_00275,2024-06-29,8,9
CUST_00276,2024-01-01,10,10
CUST_00276,2024-06-29,10,8
CUST_00277,2024-01-01,8,8
CUST_00278,2024-01-01,7,7
CUST_00279,2024-01-01,9,9
CUST_00280,2024-01-01,1,1
CUST_00281,2024-01-01,6,6
CUST_00282,2024-01-01,9,9
CUST_00283,2024-01-01,10,10
CUST_00284,2024-01-01,3,3
CUST_00284,2024-06-29,3,4
CUST_00285,2024-01-01,7,7
CUST_00286,2024-01-01,1,1
CUST_00286,2024-06-29,1,6
CUST_00287,2024-01-01,5,5
CUST_00288,2024-01-01,5,5
CUST_00288,2024-06-29,5,2
CUST_00289,2024-01-01,5,5
CUST_00290,2024-01-01,2,2
CUST_00291,2024-01-01,6,6
CUST_00292,2024-01-01,5,5
CUST_00293,2024-01-01,3,3
CUST_00294,2024-01-01,6,6
CUST_00295,2024-01-01,8,8
CUST_00295,2024-06-29,8,10
CUST_00296,2024-01-01,5,5
CUST_00297,2024-01-01,6,6
CUST_00298,2024-01-01,10,10
CUST_00299,2024-01-01,3,3
CUST_00299,2024-06-29,3,2
CUST_00300,2024-01-01,4,4
CUST_00301,2024-01-01,6,6
CUST_00302,2024-01-01,7,7
CUST_00303,2024-01-01,4,4
CUST_00304,2024-01-01,7,7
CUST_00304,2024-06-29,7,1
CUST_00305,2024-01-01,6,6
CUST_00306,2024-01-01,10,10
CUST_00307,2024-01-01,4,4
CUST_00308,2024-01-01,4,4
CUST_00309,2024-01-01,4,4
CUST_00310,2024-01-01,8,8
CUST_00311,2024-01-01,6,6
CUST_00311,2024-06-29,6,5
CUST_00312,2024-01-01,4,4
CUST_00313,2024-01-01,4,4
CUST_00314,2024-01-01,1,1
CUST_00315,2024-01-01,10,10
CUST_00316,2024-01-01,4,4
CUST_00317,2024-01-01,3,3
CUST_00318,2024-01-01,1,1
CUST_00319,2024-01-01,10,10
CUST_00320,2024-01-01,8,8
CUST_00321,2024-01-01,9,9
CUST_00322,2024-01-01,10,10
CUST_00323,2024-01-01,9,9
CUST_00323,2024-06-29,9,3
CUST_00324,2024-01-01,7,7
CUST_00325,2024-01-01,2,2
CUST_00325,2024-06-29,2,7
CUST_00326,2024-01-01,4,4
CUST_00327,2024-01-01,3,3
CUST_00327,2024-06-29,3,3
CUST_00328,2024-01-01,8,8
CUST_00329,2024-01-01,3,3
CUST_00329,2024-06-29,3,1
CUST_00330,2024-01-01,10,10
CUST_00331,2024-01-01,2,2
CUST_00332,2024-01-01,5,5
CUST_00333,2024-01-01,10,10
CUST_00334,2024-01-01,2,2
CUST_00335,2024-01-01,5,5
CUST_00335,2024-06-29,5,3
CUST_00336,2024-01-01,8,8
CUST_00337,2024-01-01,5,5
CUST_00338,2024-01-01,7,7
CUST_00338,2024-06-29,7,7
CUST_00339,2024-01-01,4,4
CUST_00339,2024-06-29,4,2
CUST_00340,2024-01-01,2,2
CUST_00341,2024-01-01,2,2
CUST_00342,2024-01-01,7,7
CUST_00343,2024-01-01,4,4
CUST_00343,2024-06-29,4,3
CUST_00344,2024-01-01,3,3
CUST_00344,2024-06-29,3,10
CUST_00345,2024-01-01,10,10
CUST_00346,2024-01-01,8,8
CUST_00347,2024-01-01,6,6
CUST_00347,2024-06-29,6,6
CUST_00348,2024-01-01,6,6
CUST_00349,2024-01-01,4,4
CUST_00350,2024-01-01,5,5
CUST_00351,2024-01-01,10,10
CUST_00351,2024-06-29,10,2
CUST_00352,2024-01-01,9,9
CUST_00353,2024-01-01,4,4
CUST_00354,2024-01-01,5,5
CUST_00355,2024-01-01,2,2
CUST_00356,2024-01-01,4,4
CUST_00357,2024-01-01,7,7
CUST_00358,2024-01-01,3,3
CUST_00358,2024-06-29,3,5
CUST_00359,2024-01-01,9,9
CUST_00360,2024-01-01,7,7
CUST_00361,2024-01-01,1,1
CUST_00362,2024-01-01,9,9
CUST_00363,2024-01-01,9,9
CUST_00364,2024-01-01,7,7
CUST_00365,2024-01-01,7,7
CUST_00366,2024-01-01,6,6
CUST_00367,2024-01-01,5,5
CUST_00368,2024-01-01,7,7
CUST_00369,2024-01-01,7,7
CUST_00370,2024-01-01,10,10
CUST_00371,2024-01-01,3,3
CUST_00372,2024-01-01,10,10
CUST_00373,2024-01-01,5,5
CUST_00373,2024-06-29,5,5
CUST_00374,2024-01-01,3,3
CUST_00375,2024-01-01,9,9
CUST_00375,2024-06-29,9,10
CUST_00376,2024-01-01,7,7
CUST_00377,2024-01-01,9,9
CUST_00378,2024-01-01,10,10
CUST_00379,2024-01-01,7,7
CUST_00380,2024-01-01,4,4
CUST_00381,2024-01-01,5,5
CUST_00382,2024-01-01,8,8
CUST_00383,2024-01-01,10,10
CUST_00384,2024-01-01,5,5
CUST_00384,2024-06-29,5,2
CUST_00385,2024-01-01,3,3
CUST_00386,2024-01-01,1,1
CUST_00387,2024-01-01,3,3
CUST_00388,2024-01-01,7,7
CUST_00388,2024-06-29,7,4
CUST_00389,2024-01-01,3,3
CUST_00390,2024-01-01,3,3
CUST_00391,2024-01-01,9,9
CUST_00391,2024-06-29,9,7
CUST_00392,2024-01-01,4,4
CUST_00393,2024-01-01,3,3
CUST_00393,2024-06-29,3,2
CUST_00394,2024-01-01,5,5
CUST_00394,2024-06-29,5,8
CUST_00395,2024-01-01,7,7
CUST_00395,2024-06-29,7,10
CUST_00396,2024-01-01,3,3
CUST_00397,2024-01-01,6,6
CUST_00398,2024-01-01,9,9
CUST_00399,2024-01-01,3,3
CUST_00399,2024-06-29,3,1
CUST_00400,2024-01-01,10,10
CUST_00400,2024-06-29,10,7
CUST_00401,2024-01-01,8,8
CUST_00402,2024-01-01,4,4
CUST_00403,2024-01-01,5,5
CUST_00404,2024-01-01,1,1
CUST_00405,2024-01-01,3,3
CUST_00405,2024-06-29,3,2
CUST_00406,2024-01-01,8,8
CUST_00407,2024-01-01,5,5
CUST_00408,2024-01-01,5,5
CUST_00408,2024-06-29,5,6
CUST_00409,2024-01-01,5,5
CUST_00410,2024-01-01,3,3
CUST_00411,2024-01-01,4,4
CUST_00412,2024-01-01,7,7
CUST_00413,2024-01-01,3,3
CUST_00414,2024-01-01,1,1
CUST_00415,2024-01-01,10,10
CUST_00416,2024-01-01,10,10
CUST_00417,2024-01-01,5,5
CUST_00418,2024-01-01,8,8
CUST_00418,2024-06-29,8,9
CUST_00419,2024-01-01,7,7
CUST_00420,2024-01-01,1,1
CUST_00421,2024-01-01,8,8
CUST_00422,2024-01-01,6,6
CUST_00423,2024-01-01,4,4
CUST_00423,2024-06-29,4,8
CUST_00424,2024-01-01,2,2
CUST_00425,2024-01-01,6,6
CUST_00426,2024-01-01,1,1
CUST_00427,2024-01-01,2,2
CUST_00428,2024-01-01,7,7
CUST_00429,2024-01-01,8,8
CUST_00430,2024-01-01,2,2
CUST_00431,2024-01-01,2,2
CUST_00432,2024-01-01,7,7
CUST_00433,2024-01-01,1,1
CUST_00434,2024-01-01,4,4
CUST_00435,2024-01-01,7,7
CUST_00436,2024-01-01,3,3
CUST_00437,2024-01-01,2,2
CUST_00437,2024-06-29,2,4
CUST_00438,2024-01-01,4,4
CUST_00439,2024-01-01,8,8
CUST_00440,2024-01-01,5,5
CUST_00440,2024-06-29,5,5
CUST_00441,2024-01-01,3,3
CUST_00442,2024-01-01,7,7
CUST_00443,2024-01-01,9,9
CUST_00443,2024-06-29,9,1
CUST_00444,2024-01-01,2,2
CUST_00445,2024-01-01,4,4
CUST_00446,2024-01-01,2,2
CUST_00446,2024-06-29,2,3
CUST_00447,2024-01-01,8,8
CUST_00448,2024-01-01,8,8
CUST_00449,2024-01-01,6,6
CUST_00449,2024-06-29,6,1
CUST_00450,2024-01-01,1,1
CUST_00451,2024-01-01,4,4
CUST_00452,2024-01-01,5,5
CUST_00453,2024-01-01,4,4
CUST_00453,2024-06-29,4,5
CUST_00454,2024-01-01,8,8
CUST_00455,2024-01-01,4,4
CUST_00456,2024-01-01,1,1
CUST_00457,2024-01-01,1,1
CUST_00458,2024-01-01,3,3
CUST_00458,2024-06-29,3,9
CUST_00459,2024-01-01,3,3
CUST_00460,2024-01-01,7,7
CUST_00461,2024-01-01,4,4
CUST_00462,2024-01-01,4,4
CUST_00463,2024-01-01,7,7
CUST_00464,2024-01-01,7,7
CUST_00465,2024-01-01,8,8
CUST_00466,2024-01-01,9,9
CUST_00467,2024-01-01,10,10
CUST_00468,2024-01-01,8,8
CUST_00468,2024-06-29,8,3
CUST_00469,2024-01-01,8,8
CUST_00470,2024-01-01,10,10
CUST_00471,2024-01-01,2,2
CUST_00471,2024-06-29,2,9
CUST_00472,2024-01-01,9,9
CUST_00473,2024-01-01,6,6
CUST_00474,2024-01-01,5,5
CUST_00475,2024-01-01,4,4
CUST_00476,2024-01-01,4,4
CUST_00476,2024-06-29,4,3
CUST_00477,2024-01-01,5,5
CUST_00477,2024-06-29,5,6
CUST_00478,2024-01-01,7,7
CUST_00479,2024-01-01,9,9
CUST_00479,2024-06-29,9,10
CUST_00480,2024-01-01,7,7
CUST_00481,2024-01-01,2,2
CUST_00482,2024-01-01,10,10
CUST_00482,2024-06-29,10,10
CUST_00483,2024-01-01,2,2
CUST_00484,2024-01-01,9,9
CUST_00485,2024-01-01,10,10
CUST_00486,2024-01-01,4,4
CUST_00487,2024-01-01,8,8
CUST_00488,2024-01-01,5,5
CUST_00489,2024-01-01,6,6
CUST_00490,2024-01-01,1,1
CUST_00491,2024-01-01,10,10
CUST_00492,2024-01-01,4,4
CUST_00493,2024-01-01,5,5
CUST_00494,2024-01-01,8,8
CUST_00495,2024-01-01,8,8
CUST_00495,2024-06-29,8,10
CUST_00496,2024-01-01,7,7
CUST_00497,2024-01-01,10,10
CUST_00497,2024-06-29,10,8
CUST_00498,2024-01-01,6,6
CUST_00499,2024-01-01,6,6
CUST_00500,2024-01-01,7,7
CUST_00501,2024-01-01,5,5
CUST_00502,2024-01-01,8,8
CUST_00503,2024-01-01,9,9
CUST_00503,2024-06-29,9,5
CUST_00504,2024-01-01,5,5
CUST_00505,2024-01-01,9,9
CUST_00506,2024-01-01,3,3
CUST_00507,2024-01-01,1,1
CUST_00508,2024-01-01,5,5
CUST_00509,2024-01-01,2,2
CUST_00510,2024-01-01,10,10
CUST_00511,2024-01-01,7,7
CUST_00511,2024-06-29,7,4
CUST_00512,2024-01-01,7,7
CUST_00513,2024-01-01,3,3
CUST_00514,2024-01-01,5,5
CUST_00514,2024-06-29,5,6
CUST_00515,2024-01-01,7,7
CUST_00516,2024-01-01,10,10
CUST_00517,2024-01-01,6,6
CUST_00518,2024-01-01,5,5
CUST_00519,2024-01-01,8,8
CUST_00520,2024-01-01,8,8
CUST_00520,2024-06-29,8,2
CUST_00521,2024-01-01,6,6
CUST_00522,2024-01-01,4,4
CUST_00523,2024-01-01,10,10
CUST_00524,2024-01-01,2,2
CUST_00525,2024-01-01,9,9
CUST_00526,2024-01-01,2,2
CUST_00527,2024-01-01,6,6
CUST_00528,2024-01-01,3,3
CUST_00529,2024-01-01,5,5
CUST_00529,2024-06-29,5,8
CUST_00530,2024-01-01,2,2
CUST_00531,2024-01-01,10,10
CUST_00532,2024-01-01,9,9
CUST_00533,2024-01-01,1,1
CUST_00534,2024-01-01,9,9
CUST_00535,2024-01-01,8,8
CUST_00536,2024-01-01,1,1
CUST_00537,2024-01-01,4,4
CUST_00538,2024-01-01,5,5
CUST_00539,2024-01-01,7,7
CUST_00540,2024-01-01,7,7
CUST_00541,2024-01-01,5,5
CUST_00541,2024-06-29,5,3
CUST_00542,2024-01-01,1,1
CUST_00542,2024-06-29,1,2
CUST_00543,2024-01-01,4,4
CUST_00544,2024-01-01,7,7
CUST_00545,2024-01-01,9,9
CUST_00546,2024-01-01,2,2
CUST_00547,2024-01-01,9,9
CUST_00548,2024-01-01,7,7
CUST_00549,2024-01-01,9,9
CUST_00550,2024-01-01,3,3
CUST_00551,2024-01-01,4,4
CUST_00551,2024-06-29,4,6
CUST_00552,2024-01-01,8,8
CUST_00553,2024-01-01,4,4
CUST_00553,2024-06-29,4,1
CUST_00554,2024-01-01,1,1
CUST_00555,2024-01-01,8,8
CUST_00556,2024-01-01,10,10
CUST_00557,2024-01-01,2,2
CUST_00557,2024-06-29,2,1
CUST_00558,2024-01-01,9,9
CUST_00559,2024-01-01,7,7
CUST_00560,2024-01-01,3,3
CUST_00561,2024-01-01,1,1
CUST_00561,2024-06-29,1,4
CUST_00562,2024-01-01,4,4
CUST_00563,2024-01-01,10,10
CUST_00564,2024-01-01,6,6
CUST_00564,2024-06-29,6,1
CUST_00565,2024-01-01,4,4
CUST_00566,2024-01-01,10,10
CUST_00567,2024-01-01,2,2
CUST_00568,2024-01-01,1,1
CUST_00569,2024-01-01,3,3
CUST_00570,2024-01-01,5,5
CUST_00571,2024-01-01,2,2
CUST_00572,2024-01-01,1,1
CUST_00573,2024-01-01,1,1
CUST_00574,2024-01-01,6,6
CUST_00575,2024-01-01,1,1
CUST_00576,2024-01-01,10,10
CUST_00577,2024-01-01,1,1
CUST_00578,2024-01-01,10,10
CUST_00579,2024-01-01,5,5
CUST_00579,2024-06-29,5,4
CUST_00580,2024-01-01,6,6
CUST_00581,2024-01-01,6,6
CUST_00582,2024-01-01,6,6
CUST_00582,2024-06-29,6,10
CUST_00583,2024-01-01,7,7
CUST_00584,2024-01-01,6,6
CUST_00585,2024-01-01,5,5
CUST_00586,2024-01-01,7,7
CUST_00587,2024-01-01,2,2
CUST_00588,2024-01-01,5,5
CUST_00588,2024-06-29,5,9
CUST_00589,2024-01-01,6,6
CUST_00590,2024-01-01,5,5
CUST_00590,2024-06-29,5,9
CUST_00591,2024-01-01,5,5
CUST_00592,2024-01-01,5,5
CUST_00593,2024-01-01,10,10
CUST_00594,2024-01-01,6,6
CUST_00595,2024-01-01,6,6
CUST_00595,2024-06-29,6,1
CUST_00596,2024-01-01,10,10
CUST_00596,2024-06-29,10,8
CUST_00597,2024-01-01,4,4
CUST_00598,2024-01-01,1,1
CUST_00599,2024-01-01,7,7
CUST_00599,2024-06-29,7,1
CUST_00600,2024-01-01,9,9
CUST_00601,2024-01-01,4,4
CUST_00602,2024-01-01,1,1
CUST_00603,2024-01-01,8,8
CUST_00603,2024-06-29,8,6
CUST_00604,2024-01-01,4,4
CUST_00605,2024-01-01,4,4
CUST_00606,2024-01-01,3,3
CUST_00606,2024-06-29,3,4
CUST_00607,2024-01-01,8,8
CUST_00608,2024-01-01,9,9
CUST_00609,2024-01-01,8,8
CUST_00610,2024-01-01,10,10
CUST_00611,2024-01-01,7,7
CUST_00612,2024-01-01,3,3
CUST_00613,2024-01-01,8,8
CUST_00614,2024-01-01,7,7
CUST_00615,2024-01-01,1,1
CUST_00616,2024-01-01,8,8
CUST_00617,2024-01-01,6,6
CUST_00617,2024-06-29,6,5
CUST_00618,2024-01-01,3,3
CUST_00619,2024-01-01,10,10
CUST_00620,2024-01-01,7,7
CUST_00620,2024-06-29,7,4
CUST_00621,2024-01-01,3,3
CUST_00621,2024-06-29,3,1
CUST_00622,2024-01-01,9,9
CUST_00623,2024-01-01,1,1
CUST_00623,2024-06-29,1,4
CUST_00624,2024-01-01,3,3
CUST_00624,2024-06-29,3,4
CUST_00625,2024-01-01,5,5
CUST_00626,2024-01-01,10,10
CUST_00627,2024-01-01,5,5
CUST_00628,2024-01-01,5,5
CUST_00629,2024-01-01,4,4
CUST_00629,2024-06-29,4,5
CUST_00630,2024-01-01,9,9
CUST_00631,2024-01-01,7,7
CUST_00632,2024-01-01,9,9
CUST_00633,2024-01-01,1,1
CUST_00634,2024-01-01,1,1
CUST_00635,2024-01-01,3,3
CUST_00635,2024-06-29,3,7
CUST_00636,2024-01-01,9,9
CUST_00636,2024-06-29,9,1
CUST_00637,2024-01-01,6,6
CUST_00638,2024-01-01,5,5
CUST_00638,2024-06-29,5,7
CUST_00639,2024-01-01,1,1
CUST_00640,2024-01-01,10,10
CUST_00641,2024-01-01,5,5
CUST_00641,2024-06-29,5,3
CUST_00642,2024-01-01,6,6
CUST_00643,2024-01-01,8,8
CUST_00643,2024-06-29,8,1
CUST_00644,2024-01-01,9,9
CUST_00645,2024-01-01,9,9
CUST_00646,2024-01-01,9,9
CUST_00647,2024-01-01,2,2
CUST_00648,2024-01-01,9,9
CUST_00649,2024-01-01,5,5
CUST_00650,2024-01-01,8,8
CUST_00651,2024-01-01,6,6
CUST_00652,2024-01-01,3,3
CUST_00653,2024-01-01,1,1
CUST_00653,2024-06-29,1,5
CUST_00654,2024-01-01,6,6
CUST_00655,2024-01-01,2,2
CUST_00656,2024-01-01,7,7
CUST_00657,2024-01-01,5,5
CUST_00658,2024-01-01,1,1
CUST_00659,2024-01-01,4,4
CUST_00660,2024-01-01,3,3
CUST_00661,2024-01-01,10,10
CUST_00662,2024-01-01,3,3
CUST_00663,2024-01-01,7,7
CUST_00664,2024-01-01,5,5
CUST_00665,2024-01-01,8,8
CUST_00666,2024-01-01,6,6
CUST_00667,2024-01-01,6,6
CUST_00668,2024-01-01,10,10
CUST_00668,2024-06-29,10,9
CUST_00669,2024-01-01,10,10
CUST_00669,2024-06-29,10,9
CUST_00670,2024-01-01,8,8
CUST_00671,2024-01-01,2,2
CUST_00672,2024-01-01,4,4
CUST_00673,2024-01-01,8,8
CUST_00673,2024-06-29,8,3
CUST_00674,2024-01-01,1,1
CUST_00675,2024-01-01,1,1
CUST_00676,2024-01-01,8,8
CUST_00676,2024-06-29,8,1
CUST_00677,2024-01-01,7,7
CUST_00678,2024-01-01,10,10
CUST_00678,2024-06-29,10,1
CUST_00679,2024-01-01,6,6
CUST_00679,2024-06-29,6,3
CUST_00680,2024-01-01,8,8
CUST_00681,2024-01-01,10,10
CUST_00682,2024-01-01,4,4
CUST_00683,2024-01-01,3,3
CUST_00684,2024-01-01,5,5
CUST_00684,2024-06-29,5,9
CUST_00685,2024-01-01,9,9
CUST_00686,2024-01-01,4,4
CUST_00687,2024-01-01,10,10
CUST_00688,2024-01-01,3,3
CUST_00689,2024-01-01,2,2
CUST_00690,2024-01-01,2,2
CUST_00690,2024-06-29,2,1
CUST_00691,2024-01-01,7,7
CUST_00692,2024-01-01,8,8
CUST_00693,2024-01-01,4,4
CUST_00694,2024-01-01,6,6
CUST_00695,2024-01-01,7,7
CUST_00696,2024-01-01,6,6
CUST_00697,2024-01-01,4,4
CUST_00698,2024-01-01,8,8
CUST_00698,2024-06-29,8,10
CUST_00699,2024-01-01,3,3
CUST_00700,2024-01-01,2,2
CUST_00701,2024-01-01,6,6
CUST_00702,2024-01-01,6,6
CUST_00703,2024-01-01,10,10
CUST_00704,2024-01-01,7,7
CUST_00705,2024-01-01,7,7
CUST_00706,2024-01-01,9,9
CUST_00707,2024-01-01,2,2
CUST_00708,2024-01-01,8,8
CUST_00709,2024-01-01,8,8
CUST_00710,2024-01-01,10,10
CUST_00711,2024-01-01,3,3
CUST_00712,2024-01-01,9,9
CUST_00712,2024-06-29,9,1
CUST_00713,2024-01-01,9,9
CUST_00714,2024-01-01,2,2
CUST_00715,2024-01-01,3,3
CUST_00716,2024-01-01,3,3
CUST_00716,2024-06-29,3,9
CUST_00717,2024-01-01,5,5
CUST_00718,2024-01-01,3,3
CUST_00719,2024-01-01,10,10
CUST_00719,2024-06-29,10,2
CUST_00720,2024-01-01,4,4
CUST_00721,2024-01-01,8,8
CUST_00722,2024-01-01,6,6
CUST_00723,2024-01-01,8,8
CUST_00723,2024-06-29,8,10
CUST_00724,2024-01-01,7,7
CUST_00725,2024-01-01,7,7
CUST_00725,2024-06-29,7,9
CUST_00726,2024-01-01,4,4
CUST_00727,2024-01-01,4,4
CUST_00728,2024-01-01,3,3
CUST_00729,2024-01-01,1,1
CUST_00730,2024-01-01,9,9
CUST_00731,2024-01-01,7,7
CUST_00732,2024-01-01,2,2
CUST_00733,2024-01-01,6,6
CUST_00734,2024-01-01,1,1
CUST_00735,2024-01-01,8,8
CUST_00736,2024-01-01,7,7
CUST_00737,2024-01-01,4,4
CUST_00738,2024-01-01,3,3
CUST_00739,2024-01-01,2,2
CUST_00740,2024-01-01,3,3
CUST_00741,2024-01-01,9,9
CUST_00741,2024-06-29,9,6
CUST_00742,2024-01-01,6,6
CUST_00743,2024-01-01,9,9
CUST_00743,2024-06-29,9,2
CUST_00744,2024-01-01,10,10
CUST_00745,2024-01-01,9,9
CUST_00746,2024-01-01,7,7
CUST_00747,2024-01-01,6,6
CUST_00747,2024-06-29,6,6
CUST_00748,2024-01-01,2,2
CUST_00749,2024-01-01,10,10
CUST_00750,2024-01-01,6,6
CUST_00751,2024-01-01,10,10
CUST_00751,2024-06-29,10,2
CUST_00752,2024-01-01,3,3
CUST_00753,2024-01-01,7,7
CUST_00753,2024-06-29,7,3
CUST_00754,2024-01-01,1,1
CUST_00755,2024-01-01,9,9
CUST_00756,2024-01-01,4,4
CUST_00757,2024-01-01,5,5
CUST_00758,2024-01-01,7,7
CUST_00759,2024-01-01,9,9
CUST_00759,2024-06-29,9,3
CUST_00760,2024-01-01,8,8
CUST_00761,2024-01-01,7,7
CUST_00762,2024-01-01,3,3
CUST_00763,2024-01-01,8,8
CUST_00764,2024-01-01,8,8
CUST_00765,2024-01-01,10,10
CUST_00766,2024-01-01,8,8
CUST_00767,2024-01-01,4,4
CUST_00768,2024-01-01,3,3
CUST_00769,2024-01-01,8,8
CUST_00769,2024-06-29,8,4
CUST_00770,2024-01-01,6,6
CUST_00771,2024-01-01,1,1
CUST_00772,2024-01-01,5,5
CUST_00773,2024-01-01,5,5
CUST_00774,2024-01-01,1,1
CUST_00774,2024-06-29,1,9
CUST_00775,2024-01-01,10,10
CUST_00776,2024-01-01,4,4
CUST_00776,2024-06-29,4,7
CUST_00777,2024-01-01,1,1
CUST_00778,2024-01-01,10,10
CUST_00779,2024-01-01,4,4
CUST_00780,2024-01-01,7,7
CUST_00781,2024-01-01,5,5
CUST_00781,2024-06-29,5,1
CUST_00782,2024-01-01,3,3
CUST_00783,2024-01-01,8,8
CUST_00784,2024-01-01,3,3
CUST_00785,2024-01-01,8,8
CUST_00786,2024-01-01,9,9
CUST_00787,2024-01-01,2,2
CUST_00788,2024-01-01,9,9
CUST_00789,2024-01-01,9,9
CUST_00790,2024-01-01,6,6
CUST_00791,2024-01-01,6,6
CUST_00792,2024-01-01,5,5
CUST_00793,2024-01-01,1,1
CUST_00794,2024-01-01,8,8
CUST_00795,2024-01-01,7,7
CUST_00796,2024-01-01,1,1
CUST_00797,2024-01-01,5,5
CUST_00798,2024-01-01,5,5
CUST_00799,2024-01-01,4,4
CUST_00799,2024-06-29,4,9
CUST_00800,2024-01-01,2,2
CUST_00801,2024-01-01,6,6
CUST_00802,2024-01-01,8,8
CUST_00803,2024-01-01,4,4
CUST_00804,2024-01-01,10,10
CUST_00805,2024-01-01,3,3
CUST_00806,2024-01-01,5,5
CUST_00807,2024-01-01,6,6
CUST_00808,2024-01-01,6,6
CUST_00809,2024-01-01,9,9
CUST_00810,2024-01-01,4,4
CUST_00811,2024-01-01,4,4
CUST_00811,2024-06-29,4,4
CUST_00812,2024-01-01,10,10
CUST_00813,2024-01-01,1,1
CUST_00814,2024-01-01,5,5
CUST_00815,2024-01-01,8,8
CUST_00816,2024-01-01,7,7
CUST_00816,2024-06-29,7,9
CUST_00817,2024-01-01,6,6
CUST_00818,2024-01-01,5,5
CUST_00818,2024-06-29,5,2
CUST_00819,2024-01-01,9,9
CUST_00820,2024-01-01,3,3
CUST_00821,2024-01-01,9,9
CUST_00822,2024-01-01,2,2
CUST_00823,2024-01-01,8,8
CUST_00824,2024-01-01,7,7
CUST_00825,2024-01-01,10,10
CUST_00825,2024-06-29,10,9
CUST_00826,2024-01-01,6,6
CUST_00827,2024-01-01,9,9
CUST_00828,2024-01-01,8,8
CUST_00828,2024-06-29,8,4
CUST_00829,2024-01-01,6,6
CUST_00829,2024-06-29,6,6
CUST_00830,2024-01-01,8,8
CUST_00831,2024-01-01,2,2
CUST_00831,2024-06-29,2,2
CUST_00832,2024-01-01,10,10
CUST_00832,2024-06-29,10,2
CUST_00833,2024-01-01,6,6
CUST_00834,2024-01-01,8,8
CUST_00835,2024-01-01,3,3
CUST_00836,2024-01-01,5,5
CUST_00837,2024-01-01,3,3
CUST_00838,2024-01-01,6,6
CUST_00838,2024-06-29,6,1
CUST_00839,2024-01-01,4,4
CUST_00840,2024-01-01,7,7
CUST_00841,2024-01-01,8,8
CUST_00842,2024-01-01,2,2
CUST_00843,2024-01-01,6,6
CUST_00844,2024-01-01,8,8
CUST_00845,2024-01-01,5,5
CUST_00846,2024-01-01,10,10
CUST_00847,2024-01-01,2,2
CUST_00848,2024-01-01,10,10
CUST_00848,2024-06-29,10,1
CUST_00849,2024-01-01,10,10
CUST_00849,2024-06-29,10,3
CUST_00850,2024-01-01,4,4
CUST_00850,2024-06-29,4,1
CUST_00851,2024-01-01,10,10
CUST_00852,2024-01-01,3,3
CUST_00852,2024-06-29,3,10
CUST_00853,2024-01-01,9,9
CUST_00854,2024-01-01,9,9
CUST_00855,2024-01-01,10,10
CUST_00856,2024-01-01,8,8
CUST_00857,2024-01-01,5,5
CUST_00858,2024-01-01,4,4
CUST_00859,2024-01-01,9,9
CUST_00860,2024-01-01,1,1
CUST_00861,2024-01-01,3,3
CUST_00862,2024-01-01,2,2
CUST_00863,2024-01-01,9,9
CUST_00864,2024-01-01,1,1
CUST_00865,2024-01-01,5,5
CUST_00866,2024-01-01,3,3
CUST_00867,2024-01-01,8,8
CUST_00868,2024-01-01,3,3
CUST_00869,2024-01-01,9,9
CUST_00870,2024-01-01,5,5
CUST_00870,2024-06-29,5,4
CUST_00871,2024-01-01,1,1
CUST_00872,2024-01-01,1,1
CUST_00873,2024-01-01,9,9
CUST_00873,2024-06-29,9,10
CUST_00874,2024-01-01,5,5
CUST_00875,2024-01-01,9,9
CUST_00876,2024-01-01,3,3
CUST_00877,2024-01-01,6,6
CUST_00877,2024-06-29,6,6
CUST_00878,2024-01-01,8,8
CUST_00878,2024-06-29,8,5
CUST_00879,2024-01-01,5,5
CUST_00880,2024-01-01,5,5
CUST_00881,2024-01-01,1,1
CUST_00882,2024-01-01,3,3
CUST_00883,2024-01-01,5,5
CUST_00884,2024-01-01,10,10
CUST_00885,2024-01-01,3,3
CUST_00886,2024-01-01,8,8
CUST_00887,2024-01-01,9,9
CUST_00888,2024-01-01,8,8
CUST_00889,2024-01-01,9,9
CUST_00890,2024-01-01,2,2
CUST_00891,2024-01-01,8,8
CUST_00892,2024-01-01,3,3
CUST_00892,2024-06-29,3,3
CUST_00893,2024-01-01,7,7
CUST_00894,2024-01-01,4,4
CUST_00895,2024-01-01,3,3
CUST_00895,2024-06-29,3,8
CUST_00896,2024-01-01,2,2
CUST_00897,2024-01-01,3,3
CUST_00897,2024-06-29,3,8
CUST_00898,2024-01-01,4,4
CUST_00899,2024-01-01,10,10
CUST_00900,2024-01-01,10,10
CUST_00901,2024-01-01,9,9
CUST_00902,2024-01-01,8,8
CUST_00902,2024-06-29,8,1
CUST_00903,2024-01-01,10,10
CUST_00904,2024-01-01,1,1
CUST_00905,2024-01-01,6,6
CUST_00906,2024-01-01,9,9
CUST_00906,2024-06-29,9,2
CUST_00907,2024-01-01,10,10
CUST_00908,2024-01-01,4,4
CUST_00909,2024-01-01,7,7
CUST_00910,2024-01-01,2,2
CUST_00911,2024-01-01,6,6
CUST_00912,2024-01-01,2,2
CUST_00913,2024-01-01,9,9
CUST_00914,2024-01-01,1,1
CUST_00915,2024-01-01,1,1
CUST_00915,2024-06-29,1,3
CUST_00916,2024-01-01,2,2
CUST_00917,2024-01-01,1,1
CUST_00918,2024-01-01,9,9
CUST_00919,2024-01-01,4,4
CUST_00920,2024-01-01,5,5
CUST_00921,2024-01-01,7,7
CUST_00922,2024-01-01,3,3
CUST_00923,2024-01-01,6,6
CUST_00924,2024-01-01,9,9
CUST_00925,2024-01-01,5,5
CUST_00926,2024-01-01,9,9
CUST_00926,2024-06-29,9,1
CUST_00927,2024-01-01,8,8
CUST_00928,2024-01-01,7,7
CUST_00929,2024-01-01,2,2
CUST_00930,2024-01-01,2,2
CUST_00931,2024-01-01,5,5
CUST_00931,2024-06-29,5,3
CUST_00932,2024-01-01,2,2
CUST_00933,2024-01-01,6,6
CUST_00934,2024-01-01,9,9
CUST_00935,2024-01-01,2,2
CUST_00936,2024-01-01,4,4
CUST_00937,2024-01-01,5,5
CUST_00938,2024-01-01,6,6
CUST_00938,2024-06-29,6,6
CUST_00939,2024-01-01,5,5
CUST_00940,2024-01-01,4,4
CUST_00941,2024-01-01,2,2
CUST_00942,2024-01-01,4,4
CUST_00942,2024-06-29,4,9
CUST_00943,2024-01-01,5,5
CUST_00943,2024-06-29,5,3
CUST_00944,2024-01-01,10,10
CUST_00944,2024-06-29,10,7
CUST_00945,2024-01-01,10,10
CUST_00946,2024-01-01,7,7
CUST_00947,2024-01-01,7,7
CUST_00948,2024-01-01,7,7
CUST_00949,2024-01-01,7,7
CUST_00949,2024-06-29,7,3
CUST_00950,2024-01-01,7,7
CUST_00950,2024-06-29,7,9
CUST_00951,2024-01-01,8,8
CUST_00952,2024-01-01,4,4
CUST_00953,2024-01-01,9,9
CUST_00954,2024-01-01,3,3
CUST_00955,2024-01-01,6,6
CUST_00955,2024-06-29,6,3
CUST_00956,2024-01-01,10,10
CUST_00957,2024-01-01,1,1
CUST_00958,2024-01-01,4,4
CUST_00959,2024-01-01,8,8
CUST_00959,2024-06-29,8,2
CUST_00960,2024-01-01,4,4
CUST_00961,2024-01-01,2,2
CUST_00961,2024-06-29,2,7
CUST_00962,2024-01-01,5,5
CUST_00963,2024-01-01,8,8
CUST_00963,2024-06-29,8,7
CUST_00964,2024-01-01,6,6
CUST_00965,2024-01-01,2,2
CUST_00966,2024-01-01,4,4
CUST_00967,2024-01-01,9,9
CUST_00967,2024-06-29,9,7
CUST_00968,2024-01-01,9,9
CUST_00968,2024-06-29,9,7
CUST_00969,2024-01-01,2,2
CUST_00970,2024-01-01,6,6
CUST_00971,2024-01-01,5,5
CUST_00971,2024-06-29,5,3
CUST_00972,2024-01-01,7,7
CUST_00973,2024-01-01,6,6
CUST_00973,2024-06-29,6,7
CUST_00974,2024-01-01,7,7
CUST_00975,2024-01-01,5,5
CUST_00976,2024-01-01,5,5
CUST_00976,2024-06-29,5,4
CUST_00977,2024-01-01,4,4
CUST_00978,2024-01-01,9,9
CUST_00979,2024-01-01,2,2
CUST_00980,2024-01-01,1,1
CUST_00981,2024-01-01,8,8
CUST_00982,2024-01-01,9,9
CUST_00983,2024-01-01,6,6
CUST_00984,2024-01-01,4,4
CUST_00985,2024-01-01,3,3
CUST_00986,2024-01-01,2,2
CUST_00986,2024-06-29,2,8
CUST_00987,2024-01-01,8,8
CUST_00988,2024-01-01,8,8
CUST_00989,2024-01-01,3,3
CUST_00990,2024-01-01,2,2
CUST_00991,2024-01-01,2,2
CUST_00992,2024-01-01,7,7
CUST_00993,2024-01-01,10,10
CUST_00994,2024-01-01,5,5
CUST_00995,2024-01-01,2,2
CUST_00996,2024-01-01,5,5
CUST_00996,2024-06-29,5,6
CUST_00997,2024-01-01,4,4
CUST_00998,2024-01-01,10,10
CUST_00999,2024-01-01,10,10
CUST_01000,2024-01-01,2,2
CUST_01000,2024-06-29,2,9
CUST_01001,2024-01-01,4,4
CUST_01002,2024-01-01,2,2
CUST_01003,2024-01-01,8,8
CUST_01003,2024-06-29,8,4
CUST_01004,2024-01-01,7,7
CUST_01005,2024-01-01,5,5
CUST_01006,2024-01-01,9,9
CUST_01006,2024-06-29,9,3
CUST_01007,2024-01-01,9,9
CUST_01008,2024-01-01,1,1
CUST_01008,2024-06-29,1,10
CUST_01009,2024-01-01,3,3
CUST_01010,2024-01-01,7,7
CUST_01010,2024-06-29,7,8
CUST_01011,2024-01-01,9,9
CUST_01012,2024-01-01,3,3
CUST_01013,2024-01-01,9,9
CUST_01014,2024-01-01,7,7
CUST_01015,2024-01-01,7,7
CUST_01016,2024-01-01,6,6
CUST_01017,2024-01-01,7,7
CUST_01018,2024-01-01,2,2
CUST_01019,2024-01-01,7,7
CUST_01020,2024-01-01,2,2
CUST_01020,2024-06-29,2,5
CUST_01021,2024-01-01,3,3
CUST_01022,2024-01-01,1,1
CUST_01023,2024-01-01,6,6
CUST_01024,2024-01-01,1,1
CUST_01025,2024-01-01,7,7
CUST_01026,2024-01-01,7,7
CUST_01027,2024-01-01,4,4
CUST_01028,2024-01-01,5,5
CUST_01029,2024-01-01,1,1
CUST_01030,2024-01-01,9,9
CUST_01031,2024-01-01,10,10
CUST_01031,2024-06-29,10,4
CUST_01032,2024-01-01,10,10
CUST_01033,2024-01-01,7,7
CUST_01034,2024-01-01,5,5
CUST_01035,2024-01-01,7,7
CUST_01036,2024-01-01,4,4
CUST_01036,2024-06-29,4,3
CUST_01037,2024-01-01,7,7
CUST_01037,2024-06-29,7,4
CUST_01038,2024-01-01,10,10
CUST_01039,2024-01-01,8,8
CUST_01040,2024-01-01,3,3
CUST_01041,2024-01-01,6,6
CUST_01042,2024-01-01,3,3
CUST_01042,2024-06-29,3,7
CUST_01043,2024-01-01,3,3
CUST_01044,2024-01-01,7,7
CUST_01044,2024-06-29,7,1
CUST_01045,2024-01-01,3,3
CUST_01045,2024-06-29,3,9
CUST_01046,2024-01-01,3,3
CUST_01047,2024-01-01,2,2
CUST_01048,2024-01-01,10,10
CUST_01049,2024-01-01,9,9
CUST_01050,2024-01-01,7,7
CUST_01050,2024-06-29,7,9
CUST_01051,2024-01-01,2,2
CUST_01052,2024-01-01,5,5
CUST_01053,2024-01-01,5,5
CUST_01054,2024-01-01,3,3
CUST_01055,2024-01-01,8,8
CUST_01056,2024-01-01,3,3
CUST_01057,2024-01-01,4,4
CUST_01058,2024-01-01,8,8
CUST_01059,2024-01-01,7,7
CUST_01060,2024-01-01,3,3
CUST_01061,2024-01-01,10,10
CUST_01062,2024-01-01,8,8
CUST_01063,2024-01-01,3,3
CUST_01064,2024-01-01,1,1
CUST_01065,2024-01-01,5,5
CUST_01066,2024-01-01,10,10
CUST_01067,2024-01-01,2,2
CUST_01067,2024-06-29,2,6
CUST_01068,2024-01-01,10,10
CUST_01069,2024-01-01,8,8
CUST_01070,2024-01-01,10,10
CUST_01071,2024-01-01,5,5
CUST_01071,2024-06-29,5,2
CUST_01072,2024-01-01,6,6
CUST_01073,2024-01-01,7,7
CUST_01074,2024-01-01,2,2
CUST_01074,2024-06-29,2,10
CUST_01075,2024-01-01,1,1
CUST_01076,2024-01-01,1,1
CUST_01077,2024-01-01,6,6
CUST_01078,2024-01-01,1,1
CUST_01079,2024-01-01,4,4
CUST_01080,2024-01-01,8,8
CUST_01081,2024-01-01,5,5
CUST_01082,2024-01-01,7,7
CUST_01083,2024-01-01,7,7
CUST_01084,2024-01-01,4,4
CUST_01085,2024-01-01,3,3
CUST_01086,2024-01-01,6,6
CUST_01087,2024-01-01,8,8
CUST_01088,2024-01-01,7,7
CUST_01089,2024-01-01,3,3
CUST_01090,2024-01-01,1,1
CUST_01091,2024-01-01,1,1
CUST_01092,2024-01-01,8,8
CUST_01093,2024-01-01,10,10
CUST_01094,2024-01-01,7,7
CUST_01095,2024-01-01,3,3
CUST_01095,2024-06-29,3,7
CUST_01096,2024-01-01,4,4
CUST_01097,2024-01-01,7,7
CUST_01098,2024-01-01,6,6
CUST_01099,2024-01-01,8,8
CUST_01100,2024-01-01,8,8
CUST_01101,2024-01-01,4,4
CUST_01102,2024-01-01,9,9
CUST_01103,2024-01-01,9,9
CUST_01104,2024-01-01,3,3
CUST_01105,2024-01-01,7,7
CUST_01106,2024-01-01,10,10
CUST_01107,2024-01-01,7,7
CUST_01108,2024-01-01,10,10
CUST_01109,2024-01-01,3,3
CUST_01110,2024-01-01,3,3
CUST_01111,2024-01-01,10,10
CUST_01112,2024-01-01,9,9
CUST_01112,2024-06-29,9,7
CUST_01113,2024-01-01,2,2
CUST_01114,2024-01-01,3,3
CUST_01115,2024-01-01,2,2
CUST_01116,2024-01-01,8,8
CUST_01117,2024-01-01,2,2
CUST_01118,2024-01-01,5,5
CUST_01119,2024-01-01,5,5
CUST_01120,2024-01-01,9,9
CUST_01120,2024-06-29,9,3
CUST_01121,2024-01-01,1,1
CUST_01122,2024-01-01,5,5
CUST_01123,2024-01-01,1,1
CUST_01124,2024-01-01,6,6
CUST_01125,2024-01-01,9,9
CUST_01126,2024-01-01,1,1
CUST_01127,2024-01-01,10,10
CUST_01127,2024-06-29,10,4
CUST_01128,2024-01-01,9,9
CUST_01129,2024-01-01,3,3
CUST_01129,2024-06-29,3,1
CUST_01130,2024-01-01,5,5
CUST_01131,2024-01-01,9,9
CUST_01132,2024-01-01,7,7
CUST_01132,2024-06-29,7,10
CUST_01133,2024-01-01,7,7
CUST_01134,2024-01-01,9,9
CUST_01135,2024-01-01,5,5
CUST_01136,2024-01-01,9,9
CUST_01137,2024-01-01,3,3
CUST_01138,2024-01-01,7,7
CUST_01139,2024-01-01,3,3
CUST_01140,2024-01-01,9,9
CUST_01140,2024-06-29,9,4
CUST_01141,2024-01-01,6,6
CUST_01142,2024-01-01,3,3
CUST_01143,2024-01-01,4,4
CUST_01143,2024-06-29,4,7
CUST_01144,2024-01-01,2,2
CUST_01145,2024-01-01,6,6
CUST_01146,2024-01-01,2,2
CUST_01147,2024-01-01,4,4
CUST_01148,2024-01-01,10,10
CUST_01149,2024-01-01,1,1
CUST_01150,2024-01-01,8,8
CUST_01151,2024-01-01,9,9
CUST_01152,2024-01-01,10,10
CUST_01152,2024-06-29,10,10
CUST_01153,2024-01-01,3,3
CUST_01154,2024-01-01,8,8
CUST_01154,2024-06-29,8,4
CUST_01155,2024-01-01,4,4
CUST_01156,2024-01-01,10,10
CUST_01157,2024-01-01,5,5
CUST_01158,2024-01-01,9,9
CUST_01159,2024-01-01,5,5
CUST_01160,2024-01-01,5,5
CUST_01161,2024-01-01,5,5
CUST_01162,2024-01-01,2,2
CUST_01163,2024-01-01,4,4
CUST_01164,2024-01-01,6,6
CUST_01165,2024-01-01,1,1
CUST_01166,2024-01-01,7,7
CUST_01166,2024-06-29,7,6
CUST_01167,2024-01-01,1,1
CUST_01168,2024-01-01,7,7
CUST_01169,2024-01-01,10,10
CUST_01170,2024-01-01,9,9
CUST_01171,2024-01-01,9,9
CUST_01172,2024-01-01,4,4
CUST_01173,2024-01-01,5,5
CUST_01174,2024-01-01,5,5
CUST_01175,2024-01-01,3,3
CUST_01176,2024-01-01,8,8
CUST_01177,2024-01-01,10,10
CUST_01178,2024-01-01,2,2
CUST_01179,2024-01-01,7,7
CUST_01180,2024-01-01,9,9
CUST_01180,2024-06-29,9,7
CUST_01181,2024-01-01,9,9
CUST_01181,2024-06-29,9,7
CUST_01182,2024-01-01,1,1
CUST_01182,2024-06-29,1,3
CUST_01183,2024-01-01,6,6
CUST_01184,2024-01-01,6,6
CUST_01185,2024-01-01,5,5
CUST_01185,2024-06-29,5,9
CUST_01186,2024-01-01,1,1
CUST_01187,2024-01-01,2,2
CUST_01188,2024-01-01,5,5
CUST_01189,2024-01-01,5,5
CUST_01190,2024-01-01,7,7
CUST_01191,2024-01-01,4,4
CUST_01192,2024-01-01,1,1
CUST_01192,2024-06-29,1,8
CUST_01193,2024-01-01,4,4
CUST_01193,2024-06-29,4,4
CUST_01194,2024-01-01,5,5
CUST_01195,2024-01-01,4,4
CUST_01196,2024-01-01,2,2
CUST_01197,2024-01-01,7,7
CUST_01198,2024-01-01,9,9
CUST_01199,2024-01-01,7,7
CUST_01200,2024-01-01,8,8
CUST_01201,2024-01-01,2,2
CUST_01202,2024-01-01,6,6
CUST_01203,2024-01-01,5,5
CUST_01204,2024-01-01,1,1
CUST_01205,2024-01-01,9,9
CUST_01206,2024-01-01,10,10
CUST_01207,2024-01-01,3,3
CUST_01208,2024-01-01,4,4
CUST_01209,2024-01-01,7,7
CUST_01210,2024-01-01,6,6
CUST_01210,2024-06-29,6,7
CUST_01211,2024-01-01,1,1
CUST_01211,2024-06-29,1,8
CUST_01212,2024-01-01,6,6
CUST_01213,2024-01-01,5,5
CUST_01214,2024-01-01,4,4
CUST_01215,2024-01-01,8,8
CUST_01216,2024-01-01,4,4
CUST_01217,2024-01-01,5,5
CUST_01218,2024-01-01,10,10
CUST_01219,2024-01-01,1,1
CUST_01220,2024-01-01,3,3
CUST_01221,2024-01-01,2,2
CUST_01222,2024-01-01,10,10
CUST_01223,2024-01-01,1,1
CUST_01224,2024-01-01,3,3
CUST_01225,2024-01-01,3,3
CUST_01226,2024-01-01,10,10
CUST_01227,2024-01-01,3,3
CUST_01228,2024-01-01,5,5
CUST_01229,2024-01-01,9,9
CUST_01230,2024-01-01,3,3
CUST_01231,2024-01-01,7,7
CUST_01231,2024-06-29,7,10
CUST_01232,2024-01-01,6,6
CUST_01233,2024-01-01,6,6
CUST_01233,2024-06-29,6,2
CUST_01234,2024-01-01,3,3
CUST_01235,2024-01-01,9,9
CUST_01236,2024-01-01,3,3
CUST_01237,2024-01-01,5,5
CUST_01238,2024-01-01,10,10
CUST_01239,2024-01-01,10,10
CUST_01240,2024-01-01,1,1
CUST_01241,2024-01-01,2,2
CUST_01242,2024-01-01,6,6
CUST_01243,2024-01-01,4,4
CUST_01244,2024-01-01,1,1
CUST_01245,2024-01-01,2,2
CUST_01246,2024-01-01,4,4
CUST_01247,2024-01-01,4,4
CUST_01248,2024-01-01,9,9
CUST_01249,2024-01-01,2,2
CUST_01250,2024-01-01,7,7
CUST_01251,2024-01-01,8,8
CUST_01251,2024-06-29,8,8
CUST_01252,2024-01-01,4,4
CUST_01253,2024-01-01,1,1
CUST_01254,2024-01-01,7,7
CUST_01255,2024-01-01,1,1
CUST_01256,2024-01-01,10,10
CUST_01257,2024-01-01,5,5
CUST_01258,2024-01-01,1,1
CUST_01258,2024-06-29,1,6
CUST_01259,2024-01-01,1,1
CUST_01260,2024-01-01,1,1
CUST_01261,2024-01-01,8,8
CUST_01262,2024-01-01,8,8
CUST_01263,2024-01-01,9,9
CUST_01264,2024-01-01,7,7
CUST_01265,2024-01-01,8,8
CUST_01266,2024-01-01,4,4
CUST_01266,2024-06-29,4,6
CUST_01267,2024-01-01,8,8
CUST_01268,2024-01-01,5,5
CUST_01269,2024-01-01,3,3
CUST_01270,2024-01-01,2,2
CUST_01271,2024-01-01,1,1
CUST_01272,2024-01-01,3,3
CUST_01272,2024-06-29,3,3
CUST_01273,2024-01-01,9,9
CUST_01274,2024-01-01,9,9
CUST_01275,2024-01-01,6,6
CUST_01276,2024-01-01,2,2
CUST_01277,2024-01-01,5,5
CUST_01278,2024-01-01,6,6
CUST_01279,2024-01-01,4,4
CUST_01280,2024-01-01,3,3
CUST_01281,2024-01-01,5,5
CUST_01281,2024-06-29,5,6
CUST_01282,2024-01-01,6,6
CUST_01282,2024-06-29,6,2
CUST_01283,2024-01-01,5,5
CUST_01284,2024-01-01,6,6
CUST_01285,2024-01-01,9,9
CUST_01286,2024-01-01,4,4
CUST_01287,2024-01-01,7,7
CUST_01288,2024-01-01,2,2
CUST_01288,2024-06-29,2,1
CUST_01289,2024-01-01,9,9
CUST_01290,2024-01-01,3,3
CUST_01290,2024-06-29,3,8
CUST_01291,2024-01-01,1,1
CUST_01292,2024-01-01,2,2
CUST_01292,2024-06-29,2,7
CUST_01293,2024-01-01,7,7
CUST_01294,2024-01-01,5,5
CUST_01295,2024-01-01,7,7
CUST_01296,2024-01-01,3,3
CUST_01296,2024-06-29,3,8
CUST_01297,2024-01-01,6,6
CUST_01298,2024-01-01,7,7
CUST_01299,2024-01-01,10,10
CUST_01300,2024-01-01,5,5
CUST_01300,2024-06-29,5,1
CUST_01301,2024-01-01,3,3
CUST_01302,2024-01-01,10,10
CUST_01303,2024-01-01,7,7
CUST_01304,2024-01-01,3,3
CUST_01305,2024-01-01,1,1
CUST_01306,2024-01-01,3,3
CUST_01307,2024-01-01,6,6
CUST_01308,2024-01-01,2,2
CUST_01309,2024-01-01,7,7
CUST_01310,2024-01-01,7,7
CUST_01311,2024-01-01,4,4
CUST_01312,2024-01-01,4,4
CUST_01313,2024-01-01,5,5
CUST_01314,2024-01-01,1,1
CUST_01315,2024-01-01,6,6
CUST_01315,2024-06-29,6,7
CUST_01316,2024-01-01,5,5
CUST_01317,2024-01-01,3,3
CUST_01318,2024-01-01,5,5
CUST_01318,2024-06-29,5,4
CUST_01319,2024-01-01,4,4
CUST_01319,2024-06-29,4,10
CUST_01320,2024-01-01,1,1
CUST_01321,2024-01-01,9,9
CUST_01322,2024-01-01,2,2
CUST_01323,2024-01-01,6,6
CUST_01323,2024-06-29,6,6
CUST_01324,2024-01-01,4,4
CUST_01324,2024-06-29,4,9
CUST_01325,2024-01-01,6,6
CUST_01325,2024-06-29,6,5
CUST_01326,2024-01-01,2,2
CUST_01327,2024-01-01,8,8
CUST_01328,2024-01-01,3,3
CUST_01329,2024-01-01,10,10
CUST_01330,2024-01-01,1,1
CUST_01331,2024-01-01,10,10
CUST_01332,2024-01-01,5,5
CUST_01333,2024-01-01,10,10
CUST_01334,2024-01-01,7,7
CUST_01335,2024-01-01,6,6
CUST_01336,2024-01-01,7,7
CUST_01337,2024-01-01,3,3
CUST_01338,2024-01-01,3,3
CUST_01338,2024-06-29,3,6
CUST_01339,2024-01-01,2,2
CUST_01340,2024-01-01,6,6
CUST_01341,2024-01-01,2,2
CUST_01342,2024-01-01,8,8
CUST_01343,2024-01-01,7,7
CUST_01344,2024-01-01,6,6
CUST_01345,2024-01-01,5,5
CUST_01346,2024-01-01,10,10
CUST_01347,2024-01-01,1,1
CUST_01347,2024-06-29,1,2
CUST_01348,2024-01-01,1,1
CUST_01349,2024-01-01,7,7
CUST_01350,2024-01-01,5,5
CUST_01351,2024-01-01,4,4
CUST_01352,2024-01-01,4,4
CUST_01353,2024-01-01,1,1
CUST_01354,2024-01-01,1,1
CUST_01355,2024-01-01,7,7
CUST_01356,2024-01-01,10,10
CUST_01357,2024-01-01,4,4
CUST_01358,2024-01-01,8,8
CUST_01358,2024-06-29,8,6
CUST_01359,2024-01-01,4,4
CUST_01359,2024-06-29,4,5
CUST_01360,2024-01-01,8,8
CUST_01361,2024-01-01,3,3
CUST_01361,2024-06-29,3,6
CUST_01362,2024-01-01,3,3
CUST_01363,2024-01-01,6,6
CUST_01364,2024-01-01,5,5
CUST_01365,2024-01-01,2,2
CUST_01366,2024-01-01,10,10
CUST_01367,2024-01-01,8,8
CUST_01368,2024-01-01,6,6
CUST_01369,2024-01-01,4,4
CUST_01370,2024-01-01,8,8
CUST_01371,2024-01-01,4,4
CUST_01372,2024-01-01,4,4
CUST_01373,2024-01-01,3,3
CUST_01374,2024-01-01,1,1
CUST_01374,2024-06-29,1,10
CUST_01375,2024-01-01,7,7
CUST_01375,2024-06-29,7,4
CUST_01376,2024-01-01,6,6
CUST_01377,2024-01-01,2,2
CUST_01378,2024-01-01,3,3
CUST_01379,2024-01-01,3,3
CUST_01380,2024-01-01,10,10
CUST_01380,2024-06-29,10,7
CUST_01381,2024-01-01,7,7
CUST_01382,2024-01-01,4,4
CUST_01383,2024-01-01,5,5
CUST_01384,2024-01-01,4,4
CUST_01385,2024-01-01,4,4
CUST_01385,2024-06-29,4,7
CUST_01386,2024-01-01,9,9
CUST_01387,2024-01-01,1,1
CUST_01388,2024-01-01,1,1
CUST_01389,2024-01-01,7,7
CUST_01390,2024-01-01,4,4
CUST_01390,2024-06-29,4,5
CUST_01391,2024-01-01,4,4
CUST_01392,2024-01-01,5,5
CUST_01393,2024-01-01,3,3
CUST_01394,2024-01-01,5,5
CUST_01395,2024-01-01,10,10
CUST_01396,2024-01-01,3,3
CUST_01397,2024-01-01,5,5
CUST_01398,2024-01-01,8,8
CUST_01399,2024-01-01,9,9
CUST_01399,2024-06-29,9,4
CUST_01400,2024-01-01,7,7
CUST_01401,2024-01-01,2,2
CUST_01402,2024-01-01,4,4
CUST_01403,2024-01-01,8,8
CUST_01403,2024-06-29,8,5
CUST_01404,2024-01-01,10,10
CUST_01405,2024-01-01,5,5
CUST_01406,2024-01-01,3,3
CUST_01406,2024-06-29,3,2
CUST_01407,2024-01-01,9,9
CUST_01408,2024-01-01,3,3
CUST_01408,2024-06-29,3,2
CUST_01409,2024-01-01,10,10
CUST_01410,2024-01-01,7,7
CUST_01411,2024-01-01,6,6
CUST_01412,2024-01-01,4,4
CUST_01413,2024-01-01,1,1
CUST_01414,2024-01-01,1,1
CUST_01415,2024-01-01,7,7
CUST_01416,2024-01-01,9,9
CUST_01417,2024-01-01,2,2
CUST_01418,2024-01-01,7,7
CUST_01418,2024-06-29,7,9
CUST_01419,2024-01-01,8,8
CUST_01419,2024-06-29,8,9
CUST_01420,2024-01-01,2,2
CUST_01421,2024-01-01,3,3
CUST_01422,2024-01-01,4,4
CUST_01423,2024-01-01,4,4
CUST_01423,2024-06-29,4,8
CUST_01424,2024-01-01,3,3
CUST_01425,2024-01-01,3,3
CUST_01425,2024-06-29,3,4
CUST_01426,2024-01-01,1,1
CUST_01426,2024-06-29,1,4
CUST_01427,2024-01-01,4,4
CUST_01428,2024-01-01,6,6
CUST_01429,2024-01-01,9,9
CUST_01429,2024-06-29,9,7
CUST_01430,2024-01-01,2,2
CUST_01431,2024-01-01,2,2
CUST_01432,2024-01-01,10,10
CUST_01433,2024-01-01,5,5
CUST_01434,2024-01-01,6,6
CUST_01435,2024-01-01,5,5
CUST_01436,2024-01-01,5,5
CUST_01437,2024-01-01,8,8
CUST_01438,2024-01-01,6,6
CUST_01439,2024-01-01,7,7
CUST_01440,2024-01-01,7,7
CUST_01441,2024-01-01,3,3
CUST_01442,2024-01-01,8,8
CUST_01443,2024-01-01,3,3
CUST_01444,2024-01-01,6,6
CUST_01445,2024-01-01,8,8
CUST_01446,2024-01-01,4,4
CUST_01447,2024-01-01,3,3
CUST_01448,2024-01-01,7,7
CUST_01449,2024-01-01,5,5
CUST_01450,2024-01-01,3,3
CUST_01451,2024-01-01,8,8
CUST_01451,2024-06-29,8,7
CUST_01452,2024-01-01,8,8
CUST_01452,2024-06-29,8,8
CUST_01453,2024-01-01,2,2
CUST_01454,2024-01-01,7,7
CUST_01455,2024-01-01,2,2
CUST_01456,2024-01-01,6,6
CUST_01457,2024-01-01,3,3
CUST_01458,2024-01-01,3,3
CUST_01459,2024-01-01,8,8
CUST_01459,2024-06-29,8,2
CUST_01460,2024-01-01,9,9
CUST_01461,2024-01-01,4,4
CUST_01462,2024-01-01,3,3
CUST_01463,2024-01-01,2,2
CUST_01463,2024-06-29,2,4
CUST_01464,2024-01-01,3,3
CUST_01465,2024-01-01,2,2
CUST_01466,2024-01-01,5,5
CUST_01467,2024-01-01,1,1
CUST_01468,2024-01-01,7,7
CUST_01469,2024-01-01,8,8
CUST_01470,2024-01-01,3,3
CUST_01470,2024-06-29,3,3
CUST_01471,2024-01-01,5,5
CUST_01471,2024-06-29,5,1
CUST_01472,2024-01-01,10,10
CUST_01472,2024-06-29,10,4
CUST_01473,2024-01-01,7,7
CUST_01474,2024-01-01,7,7
CUST_01475,2024-01-01,2,2
CUST_01475,2024-06-29,2,2
CUST_01476,2024-01-01,5,5
CUST_01477,2024-01-01,4,4
CUST_01478,2024-01-01,4,4
CUST_01479,2024-01-01,6,6
CUST_01480,2024-01-01,4,4
CUST_01481,2024-01-01,5,5
CUST_01482,2024-01-01,1,1
CUST_01483,2024-01-01,3,3
CUST_01483,2024-06-29,3,6
CUST_01484,2024-01-01,10,10
CUST_01484,2024-06-29,10,5
CUST_01485,2024-01-01,10,10
CUST_01485,2024-06-29,10,9
CUST_01486,2024-01-01,10,10
CUST_01487,2024-01-01,5,5
CUST_01488,2024-01-01,5,5
CUST_01489,2024-01-01,3,3
CUST_01490,2024-01-01,7,7
CUST_01491,2024-01-01,1,1
CUST_01491,2024-06-29,1,3
CUST_01492,2024-01-01,1,1
CUST_01493,2024-01-01,10,10
CUST_01494,2024-01-01,8,8
CUST_01494,2024-06-29,8,8
CUST_01495,2024-01-01,7,7
CUST_01495,2024-06-29,7,6
CUST_01496,2024-01-01,10,10
CUST_01497,2024-01-01,9,9
CUST_01498,2024-01-01,10,10
CUST_01498,2024-06-29,10,5
CUST_01499,2024-01-01,2,2
CUST_01499,2024-06-29,2,8
CUST_01500,2024-01-01,9,9
